driver,quali_delta_s,quali_se_s,quali_n
ALB,0.0,0.0,13
STR,0.0,0.0,9
SAI,0.0,0.0,12
RUS,0.0,0.0,19
PIA,0.0,0.0,21
OCO,0.0,0.0,12
NOR,0.0,0.0,20
LEC,0.0,0.0,21
LAW,0.0,3.074457374431592e+18,6
HUL,0.0,0.0,9
HAM,0.0,0.0,19
HAD,0.0,0.0,12
GAS,0.0,0.0,21
COL,0.0,3.0744573746382587e+18,6
BOR,0.0,0.0,9
BEA,0.0,0.0,18
ANT,0.0,0.0,18
ALO,0.0,0.0,15
TSU,0.0,0.0,13
VER,0.0,0.0,18
